交易日期,北向资金
20141117,0
20141118,0
20141119,0
20141120,0
20141121,0
20141124,0
20141125,0
20141126,0
20141127,0
20141128,0
20141201,0
20141202,0
20141203,0
20141204,0
20141205,0
20141208,0
20141209,0
20141210,0
20141211,0
20141212,0
20141215,0
20141216,0
20141217,0
20141218,0
20141219,0
20141222,0
20141223,0
20141229,0
20141230,0
20141231,0
20150105,0
20150106,0
20150107,0
20150108,0
20150109,0
20150112,0
20150113,0
20150114,0
20150115,0
20150116,0
20150119,0
20150120,0
20150121,0
20150122,0
20150123,0
20150126,0
20150127,0
20150128,0
20150129,0
20150130,0
20150202,0
20150203,0
20150204,0
20150205,0
20150206,0
20150209,0
20150210,1629000000
20150211,1381000000
20150212,1160000000
20150213,1914000000
20150216,123000000
20150217,221000000
20150225,1011000000
20150226,-452000000
20150227,673000000
20150302,746000000
20150303,94000000
20150304,305000000
20150305,642000000
20150306,390000000
20150309,589000000
20150310,53000000
20150311,876000000
20150312,1582000000
20150313,1584000000
20150316,1374000000
20150317,2112000000
20150318,1591000000
20150319,61000000
20150320,1141000000
20150323,1848000000
20150324,-1636000000
20150325,-31000000
20150326,-1014000000
20150327,107000000
20150330,-1133000000
20150331,-1391000000
20150401,-14000000
20150408,-4021000000
20150409,-5082000000
20150410,-885000000
20150413,931000000
20150414,428000000
20150415,1029000000
20150416,1575000000
20150417,1596000000
20150420,-1147000000
20150421,1386000000
20150422,723000000
20150423,-739000000
20150424,29000000
20150427,1065000000
20150428,-261000000
20150429,275000000
20150430,-444000000
20150504,44000000
20150505,777000000
20150506,416000000
20150507,2563000000
20150508,765000000
20150511,-77000000
20150512,-407000000
20150513,-402000000
20150514,-187000000
20150515,501000000
20150518,1102000000
20150519,2003000000
20150520,2769000000
20150521,1824000000
20150526,3410000000
20150527,183000000
20150528,-3134000000
20150529,2111000000
20150601,1717000000
20150602,229000000
20150603,32000000
20150604,-1094000000
20150605,-1390000000
20150608,-1291000000
20150609,-1529000000
20150610,1401000000
20150611,-1046000000
20150612,1308000000
20150615,-1253000000
20150616,-45000000
20150617,-1070000000
20150618,545000000
20150619,7731000000
20150623,6859000000
20150624,-3159000000
20150625,-3628000000
20150626,3093000000
20150629,-1412000000
20150702,2708000000
20150703,6980000000
20150706,-13523000000
20150707,-10358000000
20150708,-6626000000
20150709,-3757000000
20150710,-2851000000
20150713,-2302000000
20150714,-1572000000
20150715,-334000000
20150716,-530000000
20150717,194000000
20150720,-379000000
20150721,-671000000
20150722,-623000000
20150723,334000000
20150724,-105000000
20150727,-154000000
20150728,2458000000
20150729,-645000000
20150730,-206000000
20150731,456000000
20150803,-2199000000
20150804,-368000000
20150805,5000000
20150806,209000000
20150807,776000000
20150810,177000000
20150811,657000000
20150812,-204000000
20150813,150000000
20150814,-23000000
20150817,-585000000
20150818,-482000000
20150819,16000000
20150820,-839000000
20150821,-923000000
20150824,8149000000
20150825,7981000000
20150826,7397000000
20150827,4712000000
20150828,-2550000000
20150831,-650000000
20150901,-1290000000
20150902,-3044000000
20150907,-177000000
20150908,4378000000
20150909,-2985000000
20150910,2909000000
20150911,-69000000
20150914,-720000000
20150915,1039000000
20150916,1725000000
20150917,346000000
20150918,2383000000
20150921,549000000
20150922,-132000000
20150923,-1308000000
20150924,-941000000
20150929,-1537000000
20150930,327000000
20151008,3735000000
20151009,1704000000
20151012,-199000000
20151013,-410000000
20151014,-911000000
20151015,351000000
20151016,-704000000
20151019,-259000000
20151022,-1376000000
20151023,-1048000000
20151026,-1224000000
20151027,-227000000
20151028,-1135000000
20151029,-1578000000
20151030,-1201000000
20151102,-1060000000
20151103,-965000000
20151104,-2306000000
20151105,-3947000000
20151106,-1702000000
20151109,-1444000000
20151110,-2714000000
20151111,-2792000000
20151112,-1622000000
20151113,-297000000
20151116,-180000000
20151117,-436000000
20151118,-217000000
20151119,-266000000
20151120,-163000000
20151123,-246000000
20151124,154000000
20151125,-113000000
20151126,451000000
20151127,159000000
20151130,3157000000
20151201,628000000
20151202,-593000000
20151203,-1090000000
20151204,-647000000
20151207,-179000000
20151208,-670000000
20151209,165000000
20151210,-485000000
20151211,-376000000
20151214,-528000000
20151215,210000000
20151216,-671000000
20151217,885000000
20151218,-301000000
20151221,-458000000
20151222,-762000000
20151223,-372000000
20151228,-273000000
20151229,492000000
20151230,284000000
20151231,-273000000
20160104,31000000
20160105,1429000000
20160106,-656000000
20160107,0
20160108,153000000
20160111,-568000000
20160112,-857000000
20160113,97000000
20160114,-293000000
20160115,-341000000
20160118,81000000
20160119,300000000
20160120,-881000000
20160121,-289000000
20160122,321000000
20160125,53000000
20160126,-262000000
20160127,4320000000
20160128,-498000000
20160129,1457000000
20160201,-358000000
20160202,-120000000
20160203,-2378000000
20160204,138000000
20160205,-98000000
20160215,-220000000
20160216,202000000
20160217,-343000000
20160218,244000000
20160219,0
20160222,-112000000
20160223,272000000
20160224,-279000000
20160225,30000000
20160226,1317000000
20160229,1706000000
20160301,503000000
20160302,2441000000
20160303,-830000000
20160304,1731000000
20160307,759000000
20160308,-345000000
20160309,24000000
20160310,239000000
20160311,907000000
20160314,323000000
20160315,-277000000
20160316,-277000000
20160317,1588000000
20160318,1000000000
20160321,-163000000
20160322,415000000
20160323,-130000000
20160329,-283000000
20160330,1058000000
20160331,2148000000
20160401,-473000000
20160405,25000000
20160406,-421000000
20160407,-158000000
20160408,-253000000
20160411,948000000
20160412,870000000
20160413,3155000000
20160414,1444000000
20160415,-78000000
20160418,-1087000000
20160419,202000000
20160420,-1536000000
20160421,157000000
20160422,-190000000
20160425,-130000000
20160426,183000000
20160427,-337000000
20160428,-281000000
20160429,89000000
20160503,615000000
20160504,-278000000
20160505,-563000000
20160506,-1359000000
20160509,-534000000
20160510,-411000000
20160511,-240000000
20160512,-456000000
20160513,-731000000
20160516,33000000
20160517,-147000000
20160518,-423000000
20160519,-178000000
20160520,214000000
20160523,344000000
20160524,-75000000
20160525,1259000000
20160526,310000000
20160527,615000000
20160530,2431000000
20160531,3428000000
20160601,1901000000
20160602,800000000
20160603,1386000000
20160606,201000000
20160607,1125000000
20160608,-56000000
20160613,-1084000000
20160614,-258000000
20160615,-699000000
20160616,-925000000
20160617,730000000
20160620,36000000
20160621,-89000000
20160622,706000000
20160623,-74000000
20160624,-2069000000
20160627,-84000000
20160628,-92000000
20160629,883000000
20160704,1149000000
20160705,-158000000
20160706,-645000000
20160707,-211000000
20160708,-227000000
20160711,1549000000
20160712,1686000000
20160713,481000000
20160714,703000000
20160715,416000000
20160718,711000000
20160719,545000000
20160720,343000000
20160721,700000000
20160722,292000000
20160725,448000000
20160726,470000000
20160727,975000000
20160728,-566000000
20160729,85000000
20160801,1055000000
20160803,-168000000
20160804,-437000000
20160805,475000000
20160808,623000000
20160809,1292000000
20160810,1045000000
20160811,704000000
20160812,232000000
20160815,384000000
20160816,4686000000
20160817,1506000000
20160818,1171000000
20160819,356000000
20160822,-92000000
20160823,176000000
20160824,226000000
20160825,338000000
20160826,197000000
20160829,-34000000
20160830,903000000
20160831,280000000
20160901,119000000
20160902,-184000000
20160905,1471000000
20160906,879000000
20160907,484000000
20160908,953000000
20160909,-350000000
20160912,-2579000000
20160913,-338000000
20160914,-1168000000
20160919,-826000000
20160920,-852000000
20160921,-255000000
20160922,1043000000
20160923,548000000
20160926,-378000000
20160927,-336000000
20160928,-164000000
20160929,563000000
20161011,975000000
20161012,-575000000
20161013,-531000000
20161014,939000000
20161017,-175000000
20161018,651000000
20161019,391000000
20161020,367000000
20161024,756000000
20161025,915000000
20161026,234000000
20161027,-577000000
20161028,243000000
20161031,144000000
20161101,408000000
20161102,-978000000
20161103,-403000000
20161104,-187000000
20161107,72000000
20161108,321000000
20161109,-4041000000
20161110,1539000000
20161111,-666000000
20161114,-200000000
20161115,11000000
20161116,699000000
20161117,-28000000
20161118,-65000000
20161121,113000000
20161122,1325000000
20161123,1130000000
20161124,885000000
20161125,1710000000
20161128,1396000000
20161129,986000000
20161130,1102000000
20161201,942000000
20161202,-1539000000
20161205,1171000000
20161206,1361000000
20161207,1818000000
20161208,2276000000
20161209,-59000000
20161212,939000000
20161213,1525000000
20161214,894000000
20161215,458000000
20161216,1140000000
20161219,-640000000
20161220,-2555000000
20161221,153000000
20161222,-524000000
20161228,-542000000
20161229,-122000000
20161230,-81000000
20170103,-57000000
20170104,-829000000
20170105,-392000000
20170106,-1570000000
20170109,-65000000
20170110,254000000
20170111,1686000000
20170112,1229000000
20170113,1206000000
20170116,-809000000
20170117,1054000000
20170118,1391000000
20170119,1064000000
20170120,1678000000
20170123,1399000000
20170124,1365000000
20170125,175000000
20170126,861000000
20170203,1309000000
20170206,2776000000
20170207,1633000000
20170208,1219000000
20170209,1873000000
20170210,1621000000
20170213,1698000000
20170214,1346000000
20170215,2308000000
20170216,1866000000
20170217,1220000000
20170220,1833000000
20170221,1314000000
20170222,1077000000
20170223,1414000000
20170224,771000000
20170227,375000000
20170228,150000000
20170301,893000000
20170302,392000000
20170303,128000000
20170306,257000000
20170307,303000000
20170308,61000000
20170309,-1912000000
20170310,-842000000
20170313,719000000
20170314,-991000000
20170315,355000000
20170316,1780000000
20170317,1205000000
20170320,1567000000
20170321,873000000
20170322,526000000
20170323,1688000000
20170324,1725000000
20170327,318000000
20170328,881000000
20170329,266000000
20170330,1180000000
20170331,-200000000
20170405,1400000000
20170406,-2000000
20170407,450000000
20170410,740000000
20170411,-474000000
20170412,-355000000
20170418,24000000
20170419,1051000000
20170420,1633000000
20170421,635000000
20170424,356000000
20170425,1409000000
20170426,960000000
20170427,522000000
20170428,1673000000
20170504,1044000000
20170505,-265000000
20170508,219000000
20170509,2133000000
20170510,2125000000
20170511,2245000000
20170512,107000000
20170515,1650000000
20170516,3001000000
20170517,1493000000
20170518,960000000
20170519,1270000000
20170522,565000000
20170523,278000000
20170524,1052000000
20170525,1507000000
20170526,-15000000
20170531,-1627000000
20170601,-1697000000
20170602,1563000000
20170605,1802000000
20170606,2021000000
20170607,2255000000
20170608,2288000000
20170609,1325000000
20170612,-1060000000
20170613,482000000
20170614,-1324000000
20170615,2225000000
20170616,975000000
20170619,2288000000
20170620,312000000
20170621,1372000000
20170622,1689000000
20170623,1405000000
20170626,135000000
20170627,2648000000
20170628,-399000000
20170629,2996000000
20170630,-1182000000
20170703,408000000
20170704,-600000000
20170705,569000000
20170706,-1071000000
20170707,264000000
20170710,895000000
20170711,821000000
20170712,1503000000
20170713,1351000000
20170714,53000000
20170717,1349000000
20170718,2001000000
20170719,1753000000
20170720,128000000
20170721,1524000000
20170724,1589000000
20170725,1235000000
20170726,1774000000
20170727,2672000000
20170728,2307000000
20170731,1888000000
20170801,1489000000
20170802,280000000
20170803,2349000000
20170804,2813000000
20170807,2788000000
20170808,1821000000
20170809,1215000000
20170810,-279000000
20170811,-904000000
20170814,224000000
20170815,-79000000
20170816,812000000
20170817,635000000
20170818,-1071000000
20170821,71000000
20170822,19000000
20170824,1241000000
20170825,3044000000
20170828,3771000000
20170829,1721000000
20170830,3287000000
20170831,1778000000
20170901,4179000000
20170904,1720000000
20170905,940000000
20170906,162000000
20170907,932000000
20170908,430000000
20170911,2007000000
20170912,2468000000
20170913,235000000
20170914,47000000
20170915,-187000000
20170918,4388000000
20170919,138000000
20170920,2006000000
20170921,1198000000
20170922,486000000
20170925,-1769000000
20170926,29000000
20170927,648000000
20170928,-375000000
20170929,1129000000
20171009,7564000000
20171010,4087000000
20171011,1596000000
20171012,358000000
20171013,273000000
20171016,1407000000
20171017,1686000000
20171018,-572000000
20171019,-34000000
20171020,-169000000
20171023,-1487000000
20171024,-3270000000
20171025,463000000
20171026,1524000000
20171027,77000000
20171030,-1166000000
20171031,-515000000
20171101,2549000000
20171102,1518000000
20171103,190000000
20171106,484000000
20171107,1523000000
20171108,1870000000
20171109,2984000000
20171110,231000000
20171113,574000000
20171114,329368700
20171115,-2157483300
20171116,426626700
20171117,-1549423700
20171120,-937146600
20171121,-700822200
20171122,402964600
20171123,1886900100
20171124,807272500
20171127,-1433153000
20171128,3295474500
20171129,1294411200
20171130,-980253900
20171201,3242428200
20171204,-146287500
20171205,-3230807700
20171206,-3934834400
20171207,-1550323900
20171208,3637753000
20171211,1527402300
20171212,-735544100
20171213,2881047400
20171214,619233600
20171215,-2662992700
20171218,1870854400
20171219,1585124000
20171220,-933899300
20171221,1252490100
20171227,832387900
20171228,2785680400
20171229,1525740100
20180102,3357065600
20180103,4430830300
20180104,4340970100
20180105,2411439800
20180108,1710811700
20180109,2842529300
20180110,1549284600
20180111,73016900
20180112,2119397500
20180115,-1759110300
20180116,2292643700
20180117,-828013100
20180118,1806891800
20180119,1046270800
20180122,2171053100
20180123,2666081200
20180124,122560400
20180125,2223898800
20180126,3003435200
20180129,-824975400
20180130,406701300
20180131,-55228000
20180201,271234800
20180202,-151505000
20180205,-3463017400
20180206,-9792858000
20180207,1716537100
20180208,2875412600
20180209,-2608733400
20180212,-1258237400
20180213,-878665900
20180214,1154927100
20180222,2370968600
20180223,1779122900
20180226,3209570300
20180227,2600257100
20180228,-454582900
20180301,1217665900
20180302,-1059346000
20180305,-1376530500
20180306,979582500
20180307,-2566800300
20180308,2826285700
20180309,1402369700
20180312,2367960200
20180313,1360708900
20180314,590178000
20180315,1377497400
20180316,-2185114700
20180319,884648700
20180320,-872011800
20180321,537632500
20180322,371913500
20180323,-1745687900
20180326,3839924200
20180327,1059062600
20180328,702610100
20180403,2906426500
20180404,1411430900
20180409,3274476500
20180410,3345116500
20180411,940420300
20180412,2831476200
20180413,2302190800
20180416,2607747000
20180417,687614200
20180418,7220305500
20180419,5266432800
20180420,-1160214500
20180423,2333340400
20180424,3900231600
20180425,1379097300
20180426,-3099939500
20180427,2503022700
20180502,4569903800
20180503,407674200
20180504,-1333953700
20180507,2708974600
20180508,1940540800
20180509,2186423000
20180510,3008662800
20180511,2549948700
20180514,5685807800
20180515,3632116600
20180516,1107313000
20180517,2279849100
20180518,3437888700
20180523,2231124800
20180524,2048885400
20180525,2034256200
20180528,3872167800
20180529,1465869300
20180530,1270004500
20180531,5747777900
20180601,2193384200
20180604,6032143000
20180605,3736623200
20180606,2660412300
20180607,4141888900
20180608,142845400
20180611,4261680800
20180612,2492117600
20180613,1416264100
20180614,2806020100
20180615,2628386200
20180619,-2111567000
20180620,753519900
20180621,-910936200
20180622,111572700
20180625,-3779401400
20180626,2363240900
20180627,-1250654300
20180628,805010100
20180703,343255400
20180704,-1432822900
20180705,2265548500
20180706,4385443900
20180709,3431638000
20180710,609215200
20180711,-253604600
20180712,1792444100
20180713,1088640100
20180716,-99324100
20180717,-633033300
20180718,-97000000
20180719,2439515300
20180720,2136003100
20180723,-138490300
20180724,2634741600
20180725,1617577100
20180726,393310800
20180727,2556691300
20180730,2350588300
20180731,3092909600
20180801,938659900
20180802,362899300
20180803,510564400
20180806,3063116200
20180807,2985008900
20180808,1658023800
20180809,5214501800
20180810,54197400
20180813,-577946400
20180814,-1339709600
20180815,-1527153100
20180816,2171894500
20180817,367533200
20180820,5656097500
20180821,2814744800
20180822,2003217200
20180823,1259914600
20180824,-176869500
20180827,2167642500
20180828,1430720400
20180829,2031947300
20180830,616361000
20180831,3767192300
20180903,270766600
20180904,1351124800
20180905,-3108859100
20180906,886290700
20180907,-287000000
20180910,-604712700
20180911,-42036900
20180912,-1045353900
20180913,2739928700
20180914,2807409800
20180917,691341100
20180918,1917093800
20180919,776178800
20180920,4800220500
20180926,1877731400
20180927,2889398900
20180928,1626309300
20181008,-9716115300
20181009,-3079833900
20181010,-1612032500
20181011,-3632357400
20181012,1072532800
20181015,-1104667300
20181018,-633958000
20181019,4322538700
20181022,-762007600
20181023,-353055100
20181024,1470651000
20181025,-3601836500
20181026,-1665128800
20181029,2788417000
20181030,229500300
20181031,5748683900
20181101,8482475800
20181102,17384667000
20181105,938372900
20181106,-1795296500
20181107,2028516100
20181108,3857347100
20181109,92460400
20181112,1103174100
20181113,2395802700
20181114,-896359100
20181115,2537763500
20181116,1995784100
20181119,1642124500
20181120,-3064154100
20181121,951044700
20181122,-675481800
20181123,-1051209900
20181126,2392950800
20181127,145371500
20181128,2539165700
20181129,1073263100
20181130,4834606300
20181203,12141327000
20181204,4291695000
20181205,890715600
20181206,-4229506100
20181207,-512220400
20181210,-1770161400
20181211,300516700
20181212,1265740500
20181213,6619431600
20181214,-1526000000
20181217,1258605800
20181218,-3012157500
20181219,-784774300
20181220,-1179622100
20181221,-192912900
20181227,533596100
20181228,2229674900
20190102,353881300
20190103,780176800
20190104,236849700
20190107,1646346000
20190108,1416054200
20190109,6763121700
20190110,1639199800
20190111,4266431700
20190114,-1684172000
20190115,5180280800
20190116,2527321200
20190117,2585597900
20190118,8421007900
20190121,3223701200
20190122,-1392963400
20190123,1811905100
20190124,2445634300
20190125,3493232600
20190128,4940400600
20190129,2375956600
20190130,994155300
20190131,8663911600
20190201,5546585700
20190211,4569044800
20190212,5326213400
20190213,8601340100
20190214,5680982900
20190215,2193831000
20190218,4788066400
20190219,1618013400
20190220,4758158700
20190221,2318064900
20190222,5998985800
20190225,-716056900
20190226,1992774800
20190227,4875523100
20190228,2839931500
20190301,3020353600
20190304,3539549600
20190305,4157462200
20190306,-834570600
20190307,-3968869000
20190308,-1227693500
20190311,-1986660600
20190312,997243000
20190313,-2347137800
20190314,2332796300
20190315,2288513900
20190318,3387668400
20190319,-1598864400
20190320,-105586400
20190321,-1194948200
20190322,-1357176600
20190325,-10774438400
20190326,995575500
20190327,-497110000
20190328,-1837183400
20190329,10828000000
20190401,3173948000
20190402,-230795100
20190403,2843000000
20190404,-1208183600
20190408,-4490966500
20190409,-246000000
20190410,-3364230100
20190411,-4231226400
20190412,-442505200
20190415,-2312565900
20190416,3502389000
20190417,-1663683000
20190423,-6568000000
20190424,-3328000000
20190425,-2234000000
20190426,-1055000000
20190429,4529000000
20190430,-320000000
20190506,-6443000000
20190507,-1071996600
20190508,-5105517200
20190509,-5789000000
20190514,-10899668400
20190515,943000000
20190516,-3429000000
20190517,-5683000000
20190520,-2382800400
20190521,-3808000000
20190522,-4568000000
20190523,-4140000000
20190524,-1647000000
20190527,-1853000000
20190528,1351000000
20190529,-3458000000
20190530,-953000000
20190531,-548000000
20190603,4246000000
20190604,1038670200
20190605,3042000000
20190606,982000000
20190610,7911974800
20190611,6947591900
20190612,910000000
20190613,1285000000
20190614,-1685000000
20190617,507314400
20190618,1592154700
20190619,4923740900
20190620,5564897700
20190621,7330494600
20190624,-1911099800
20190625,-3299538100
20190626,-1211977400
20190627,3838871300
20190702,1121807700
20190703,-489524600
20190704,976795700
20190705,427713500
20190708,-3605904000
20190709,-2619802700
20190710,-1637526900
20190711,2435858100
20190712,1459270100
20190715,-1440992900
20190716,1009188700
20190717,1751051600
20190718,1844881600
20190719,6189232800
20190722,384991800
20190723,-405658700
20190724,2050193200
20190725,1948737900
20190726,-1386660600
20190729,58973800
20190730,2450959900
20190731,-499158100
20190801,-1150809400
20190802,-6811953700
20190805,-3463032000
20190806,-2978882200
20190807,-3050563600
20190808,2549255700
20190809,1394549700
20190812,2239161500
20190813,-2436135200
20190814,1183645500
20190815,137238500
20190816,-217436600
20190819,7848072300
20190820,-1261554900
20190821,1999030300
20190822,1515309500
20190823,1148662900
20190826,-3033562000
20190827,11270982400
20190828,-778418500
20190829,383580200
20190830,6719827500
20190902,5309818800
20190903,18096900
20190904,4973258000
20190905,9182325700
20190906,8523051500
20190909,2785357200
20190910,2378012900
20190911,2432023900
20190912,3295531600
20190916,909939700
20190917,-518200300
20190918,3921052300
20190919,2692379400
20190920,14862343000
20190923,-1531610400
20190924,2751709700
20190925,492822800
20190926,2498013000
20190927,318457500
20190930,-634993800
20191008,1744067200
20191009,-2216515900
20191010,135736100
20191011,3726102500
20191014,2701588200
20191015,3671253300
20191016,2736708100
20191017,1738738600
20191018,-1243698400
20191021,2915331000
20191022,294855900
20191023,-1804229300
20191024,560479500
20191025,1537515800
20191028,2840765200
20191029,2423631900
20191030,2899397500
20191031,7389324600
20191101,7450503100
20191104,4084620500
20191105,5200481700
20191106,791077700
20191107,2109599900
20191108,1368991400
20191111,669967800
20191112,-10806100
20191113,-1764346200
20191114,1210909400
20191115,1683940000
20191118,1459163200
20191119,2524372200
20191120,189879200
20191121,629133700
20191122,944723400
20191125,5636458900
20191126,21429025200
20191127,2421999600
20191128,1737946700
20191129,670998700
20191202,2710449700
20191203,3456700900
20191204,3957543400
20191205,6064639600
20191206,4361981500
20191209,3390780700
20191210,2954859700
20191211,2367866900
20191212,6521763900
20191213,5270826900
20191216,700004500
20191217,8806524800
20191218,4483105500
20191219,3536369400
20191220,3715567100
20191223,1749150500
20191227,4680900900
20191230,4427976400
20191231,-162248100
20200102,10147051300
20200103,3360841300
20200106,4355208400
20200107,4506962400
20200108,1422950600
20200109,7550579900
20200110,2958240900
20200113,7710480200
20200114,3427957800
20200115,1044149600
20200116,3846496700
20200117,3521349000
20200120,4192997700
20200121,-7128018800
20200122,-763911300
20200123,-11761804800
20200203,18189392300
20200204,4920168800
20200205,-308137700
20200206,10557958000
20200207,-3299287500
20200210,-3272344900
20200211,1043523400
20200212,1485098500
20200213,791196600
20200214,4322748900
20200217,5362395400
20200218,-5390473800
20200219,3744624900
20200220,3897918200
20200221,-1120084400
20200224,-8705139000
20200225,-4831344600
20200226,-6726882400
20200227,-3940510800
20200228,-5136802600
20200302,4152009700
20200303,480283500
20200304,-780429300
20200305,4810610300
20200306,-3042103000
20200309,-14318877700
20200310,3095870800
20200311,-7465019900
20200312,-8380371400
20200313,-14726307300
20200316,-9807485100
20200317,-8238031200
20200318,-7191231100
20200319,-10220358400
20200320,1686636200
20200323,-7999254000
20200324,3987137200
20200325,2503869600
20200326,-1357513200
20200327,3413735400
20200330,-125686900
20200331,1649847300
20200401,4234995900
20200402,4331750600
20200403,-1943177700
20200407,12673750200
20200408,-3452695200
20200414,14228986200
20200415,3354399000
20200416,3814514800
20200417,8623628600
20200420,49931100
20200421,-2752515000
20200422,1178065500
20200423,691054900
20200424,3249756400
20200427,3938589200
20200428,1036685000
20200506,1140353000
20200507,-3148432700
20200508,4865056500
20200511,2647559800
20200512,1749948800
20200513,-204637000
20200514,-1324817000
20200515,1194376600
20200518,3403865000
20200519,3699049100
20200520,2038569300
20200521,2131166600
20200522,-3325498500
20200525,2145299800
20200526,3885484700
20200527,1288472000
20200528,2818281800
20200529,5107166300
20200601,10485628100
20200602,1928673400
20200603,4414204700
20200604,2883472300
20200605,4339459100
20200608,614232400
20200609,4628500600
20200610,422401900
20200611,145171000
20200612,-895004200
20200615,-4070187100
20200616,3970393600
20200617,-2721415300
20200618,4956568800
20200619,18233365400
20200622,2182381300
20200623,752481800
20200624,1855823200
20200629,-1446901100
20200702,17115074100
20200703,13193887400
20200706,13652212300
20200707,9843848500
20200708,1153303900
20200709,7951411300
20200710,-4393122300
20200713,6850351900
20200714,-17384150500
20200715,-2705616400
20200716,-6920353800
20200717,1043428300
20200720,-5898965500
20200721,-3011238300
20200722,4170255900
20200723,-3653611300
20200724,-16357393600
20200727,-1514313700
20200728,-2232800700
20200729,7731350800
20200730,-6338080300
20200731,-1903154800
20200803,-195279600
20200804,2136652400
20200805,-1981069300
20200806,-2547507900
20200807,-1862285900
20200810,7368600
20200811,3948207500
20200812,-1637744700
20200813,-2082177100
20200814,6429079800
20200817,5713420900
20200818,-2037716700
20200819,-6133626700
20200820,-2832480700
20200821,1126789300
20200824,1947318600
20200825,1738032400
20200826,-1177275300
20200827,-1004991700
20200828,6442783500
20200831,-8026020400
20200901,-299923100
20200902,-6614269100
20200903,-1003820000
20200904,-6317615700
20200907,-5465395600
20200908,6350660700
20200909,-3758161300
20200910,998865100
20200911,1290934600
20200914,-3143324700
20200915,3321168500
20200916,742013400
20200917,439006600
20200918,9473558200
20200921,-6495771600
20200922,-2001781800
20200923,-2752819100
20200924,-12167870900
20200925,-1292007900
20200928,-1078943400
20200929,-93944000
20200930,-2903913300
20201009,11266839200
20201012,13509985400
20201013,0
20201014,-1554680200
20201015,-333132800
20201016,-502880200
20201019,-3243045900
20201020,-1112515800
20201021,-6922409000
20201022,-2747806100
20201027,-4636906700
20201028,186371600
20201029,1786393900
20201030,-5673443200
20201102,3080457400
20201103,3121393900
20201104,235968800
20201105,10997137600
20201106,3980979100
20201109,19699172700
20201110,-4109791700
20201111,-929817700
20201112,-506801300
20201113,-4939723000
20201116,2589490100
20201117,53328800
20201118,-14180800
20201119,438481100
20201120,2443324000
20201123,10051179100
20201124,-137489500
20201125,-1568821800
20201126,6028941100
20201127,2476479600
20201130,4939444800
20201201,16292813100
20201202,-4024841000
20201203,3594416900
20201204,3738496900
20201207,-1160121500
20201208,6675647600
20201209,3889900900
20201210,1521612500
20201211,-3967826200
20201214,222829200
20201215,-350103200
20201216,1915416000
20201217,8057798400
20201218,-1362420300
20201221,7860744700
20201222,-3585691400
20201223,4338607100
20201228,-408148300
20201229,4471207000
20201230,6440075500
20201231,3078432100
20210104,-541919200
20210105,-4444369400
20210106,235913200
20210107,3263060300
20210108,20614614800
20210111,893579400
20210112,8444846000
20210113,2712154700
20210114,5107042300
20210115,801347000
20210118,1636590800
20210119,918465900
20210120,3394247800
20210121,5677912900
20210122,-2019771500
20210125,1931001200
20210126,-3541196800
20210127,-1254720700
20210128,-6404564800
20210129,2532833300
20210201,3459214200
20210202,3280861500
20210203,3422978100
20210204,6770573100
20210205,8392535000
20210208,7929706600
20210209,2623610300
20210210,-1780182000
20210218,5073477800
20210219,9552629700
20210222,-1113943500
20210223,650770700
20210224,-673240500
20210225,-732449900
20210226,-5632051500
20210301,3786462900
20210302,-6790623900
20210303,9010296800
20210304,-7369137000
20210305,526698200
20210308,-8588846400
20210309,2431037100
20210310,5225020500
20210311,6719407500
20210312,827137300
20210315,3686982800
20210316,5572375200
20210317,164731500
20210318,3315417700
20210319,-4031581500
20210322,7163110100
20210323,-7183913400
20210324,5005762200
20210325,2748516000
20210326,6430130500
20210329,-5842465600
20210330,3807219300
20210331,-7903152600
20210407,-2815824200
20210408,-1702924000
20210409,-807149200
20210412,4304216800
20210413,8471042200
20210414,5731388000
20210415,-950099200
20210416,7152563500
20210419,16315679500
20210420,-497485000
20210421,-1056708400
20210422,-1596684300
20210423,7859464300
20210426,3204103600
20210427,3512348600
20210428,2007913800
20210429,5087640000
20210430,-1612193400
20210506,184296000
20210507,380439900
20210510,4526680000
20210511,-4780763400
20210512,-428115700
20210513,-5639519200
20210514,9033539900
20210517,2578022900
20210520,-1524570300
20210521,-578305200
20210524,1886230800
20210525,21723322400
20210526,9103248100
20210527,14627351800
20210528,-526252300
20210531,5210798500
20210601,1102657400
20210602,-2013823100
20210603,1521148900
20210604,3066969200
20210607,-3971775800
20210608,300825700
20210609,2813727400
20210610,6820302200
20210611,-3032063400
20210615,-5153685200
20210616,-405170800
20210617,1593700200
20210618,-1039811400
20210621,-2009131800
20210622,-2412940400
20210623,8198483500
20210624,3097176200
20210625,14103051700
20210628,-4055307700
20210629,-3139218100
20210702,-8602515700
20210705,5918954100
20210706,-60161400
20210707,4372673200
20210708,-1701060600
20210709,-211234100
20210712,1642055900
20210713,2578784300
20210714,-10805853200
20210715,12398170400
20210716,-4144437700
20210719,4374140700
20210720,3063826400
20210721,3117174200
20210722,5926644800
20210723,-4659499400
20210726,-12801729600
20210727,-4171891100
20210728,8052824600
20210729,4227956900
20210730,2247150800
20210802,5183854200
20210803,1799154900
20210804,5545735500
20210805,-1965320600
20210806,-474394800
20210809,4466126200
20210810,1041714900
20210811,-2815265800
20210812,-178323000
20210813,-1238092300
20210816,6201608800
20210817,1474110500
20210818,3432515200
20210819,-10783123000
20210820,-10816018100
20210823,1831301300
20210824,5315044900
20210825,3418638000
20210826,1229063900
20210827,6203039800
20210830,1886732000
20210831,6146985100
20210901,7687998300
20210902,5136902800
20210903,7068064100
20210906,3380649600
20210907,6068604000
20210908,-1617955300
20210909,2615145300
20210910,3618929800
20210913,-3824353700
20210914,-4128275500
20210915,2139508300
20210916,-3014154600
20210923,-4309117400
20210924,2730481500
20210927,1477036200
20210928,4785906000
20210929,-266807000
20210930,970474500
20211008,-2571750300
20211011,187236100
20211012,-1378518000
20211015,2692626300
20211018,-8018453100
20211019,3906479200
20211020,4079443200
20211021,10153996300
20211022,13181579300
20211025,894196800
20211026,845342300
20211027,-3042375000
20211028,7171860100
20211029,4737974900
20211101,711190300
20211102,2365035300
20211103,731463400
20211104,1205393000
20211105,-598957900
20211108,-1002512900
20211109,-2115646800
20211110,-11809780000
20211111,8609736900
20211112,3627056000
20211115,3382416100
20211116,4199308900
20211117,-237882200
20211118,-4452793900
20211119,8292504400
20211122,1435264300
20211123,5222674200
20211124,2369666700
20211125,1171553400
20211126,-4488887200
20211129,3284214400
20211130,-3410635900
20211201,3000933900
20211202,3021257000
20211203,9221039500
20211206,395152200
20211207,7949459500
20211208,9684759700
20211209,21656305900
20211210,9148355200
20211213,5365646800
20211214,6025927500
20211215,751680800
20211216,5884554500
20211217,-6561206400
20211220,-970757200
20211221,-997012000
20211222,-1744917600
20211223,2491855700
20211228,1292541200
20211229,661910900
20211230,8141414000
20211231,4573019000
20220104,460159600
20220105,3046303700
20220106,-6637949300
20220107,9334623900
20220110,4757561800
20220111,-4026414800
20220112,7017795800
20220113,-585462500
20220114,281968500
20220117,1706609200
20220118,2335083400
20220119,3821203300
20220120,12576480700
20220121,8757805000
20220124,3452330100
20220125,-3573574400
20220126,1139362100
20220127,-14623533900
20220128,-12465862300
20220207,5551698700
20220208,-817175100
20220209,484293000
20220210,4520495800
20220211,1004930100
20220214,-3788408800
20220215,-3544385900
20220216,-1623409000
20220217,1720041100
20220218,4837503700
20220221,-3521413700
20220222,-7339737300
20220223,1421715100
20220224,-3357942000
20220225,6384651200
20220228,2047152500
20220301,3276262300
20220302,-775571100
20220303,-730858100
20220304,457391400
20220307,-8271203300
20220308,-8698960600
20220309,-10934455700
20220310,-3373956800
20220311,-5041770800
20220314,-14408229400
20220315,-16024486200
20220316,-82298700
20220317,5365295000
20220318,8457411900
20220321,-8418605900
20220322,-921787400
20220323,-193610500
20220324,-127493700
20220325,-3117431500
20220328,5030343100
20220329,-328101100
20220330,12725616800
20220331,1053451700
20220401,4420894800
20220406,-5321009800
20220407,-608550100
20220408,-627423700
20220411,-5761636900
20220412,9137043500
20220413,-497623700
20220419,-1943619500
20220420,-5287713300
20220421,910978700
20220422,6764970300
20220425,-4397321800
20220426,1542908200
20220427,4359464700
20220428,-636552900
20220429,4245558900
